{
    "Version": "2012-10-17",
    "Statement": [
        {
            "Effect": "Allow",
            "Action": [
                "logs:CreateLogGroup",
                "logs:CreateLogStream",
                "logs:PutLogEvents"
            ],
            "Resource": "arn:aws:logs:*:*:*"
        },
        {
            "Effect": "Allow",
            "Action": [
                "s3:GetObject"
            ],
            "Resource": [
                "arn:aws:s3:::bucket-name/*"
            ]
        },
        {
            "Effect": "Allow",
            "Action": [
                "dynamodb:PutItem"
            ],
            "Resource": [
                "arn:aws:dynamodb:aws-region:account-id:table/family_collection"
            ]
        },
        {
            "Effect": "Allow",
            "Action": [
                "rekognition:IndexFaces"
            ],
            "Resource": "*"
        }
    ]
}